Michael 30,The Tracks Tavern and Grill,09/23/2021 11:59:43
Item,Item Code,Item Description,Quantity,Unit Price,Total Sales Amount
DBL RAIL Vodka,3455,,116.0000,4.5431034482759,527
BTL Miller High Life,3122,,82.0000,2.4969512195122,204.75
SHOT Seagrams VO,3325,,56.0000,1.1785714285714,66
SHOT Jameson,3317,,46.0000,2,92
PINT Spotted Cow,3140,,43.0000,4.1162790697674,177
SHOT RAIL GIN,3454,,41.0000,2.4146341463415,99
SHOT Tullamore Dew,3327,,37.0000,2.1621621621622,80
Skyy Peach BOMB,3367,,33.0000,2.5454545454545,84
Skyy Apricot BOMB,3368,,33.0000,2.0606060606061,68
Skyy Ginger BOMB,3371,,31.0000,3.4838709677419,108
PIT Spotted Cow,3145,,28.0000,15,420
DBL RAIL Gin,3453,,26.0000,5.3269230769231,138.5
SHOT Cazadores Blanco,3481,,26.0000,3.6923076923077,96
SHOT Jose Cuervo,3475,,21.0000,3,63
CAN PBR 16oz,3129,,21.0000,3.2380952380952,68
PINT Abita TurboDog,3353,,20.0000,3.525,70.5
SHOT Cazadores Reposado,3479,,19.0000,4,76
DBL RAIL Whiskey,3459,,18.0000,5.4722222222222,98.5
PINT Miller High Life,3137,,17.0000,2.4705882352941,42
PINT Stein,3141,,17.0000,3.6176470588235,61.5
PIT Miller High Life,3142,,16.0000,10.3125,165
PINT LKFT IPA,3136,,16.0000,3.65625,58.5
Skyy Orange BOMB,3372,,16.0000,3.5,56
PINT LKFT Hazy Rabbit,3348,,15.0000,3.9,58.5
PIT Miller Lite,3143,,13.0000,11,143
Absolut,3286,,12.0000,6.75,81
DBL RAIL Tequila,3461,,12.0000,4.3333333333333,52
DBL Jack Daniels,3526,,11.0000,8,88
CAN Press Pom/Gin,3131,,11.0000,5,55
CAN Coors Light,3116,,10.0000,4,40
PINT Moon Man,3349,,10.0000,3.3,33
Skyy Cherry BOMB,3370,,10.0000,4,40
VBALL HI-LIFE,3411,,10.0000,0,0
SHOT Jack Ds Honey,3533,,10.0000,3.6,36
DBL Jameson,3538,,10.0000,8.6,86
DBl Smirnoff,3646,,9.0000,6.6666666666667,60
CAN Press Ling/Eld,3709,,9.0000,5,45
VBALL LITE,3410,,9.0000,0,0
PIT LKFT Hazy Rabbit,3359,,9.0000,15,135
CAN Press Lime,3132,,9.0000,5,45
CAN Press GF/CAR,3133,,8.0000,5,40
Long Island,3204,,8.0000,8,64
VBALL SPOT COW,3415,,8.0000,4,32
SHOT Absolut Citron,3657,,8.0000,4,32
SHOT Campari,3549,,8.0000,1.5,12
DBL Bulleit Bourbon,3587,,7.0000,8,56
SHOT Absolut,3661,,7.0000,1.7142857142857,12
RAIL Vodka,3339,,7.0000,3.5714285714286,25
PIT Stein,3146,,7.0000,15,105
SHOT Rumpleminz,3242,,6.0000,4,24
OUTSIDE,3253,,6.0000,0,0
CAN Crispin 16oz,3128,,6.0000,6,36
BTL MGD,3121,,6.0000,3.25,19.5
PINT Beer of the Week,3356,,6.0000,4.5,27
PIT Moon Man,3357,,6.0000,12.5,75
SHOT Jack Daniels,3527,,6.0000,4,24
BTL Miller Lite,3391,,5.0000,1.3,6.5
SHOT Dr McGullicuddys,3226,,5.0000,1.8,9
CAN Press Blk/Hyb,3130,,4.0000,5,20
Skyy Raspberry BOMB,3369,,4.0000,4,16
PIT LKFT IPA,3358,,4.0000,15,60
PINT Guinness,3350,,4.0000,3.5,14
RAIL Whiskey,3340,,4.0000,3.5,14
Chardonnay,3331,,4.0000,3.75,15
DBL Makers Mark,3534,,4.0000,8.25,33
DBL Bulleit Rye,3589,,4.0000,8.5,34
SHOT Skyy Peach,3665,,4.0000,1.5,6
DBL Absolut Citron,3656,,4.0000,8,32
DBL Skyy Raspb,3668,,4.0000,7,28
SHOT Skyy Apricot,3667,,3.0000,2,6
DBL Skyy Ginger,3672,,3.0000,7,21
SHOT Ciroc,3637,,3.0000,1.3333333333333,4
DBL Titos,3654,,3.0000,8,24
SHOT Bulleit Bourbon,3588,,3.0000,4,12
SHOT Fireball,3584,,3.0000,4,12
DBL Jim Beam,3530,,3.0000,7,21
DBL Captain Morgan,3496,,3.0000,8,24
DBL RAIL Brandy,3448,,3.0000,6.1666666666667,18.5
Korbel,3191,,3.0000,5,15
BTL Pabst,3126,,3.0000,3.25,9.75
BTL Budweiser,3115,,3.0000,4.5,13.5
CAN Schlitz 16oz,3134,,2.0000,4,8
HH PINT Angry Orchard,3352,,2.0000,3,6
PIT Abita TurboDog,3363,,2.0000,15,30
VBALL LKFT IPA,3417,,2.0000,4,8
VBALL HAZY RABBIT,3418,,2.0000,4,8
VBALL Angry Orchard,3422,,2.0000,4,8
VBALL MOON MAN,3414,,2.0000,4,8
DBL RAIL Rum,3457,,2.0000,5.5,11
DBL Cazadores Blanco,3480,,2.0000,7,14
SHOT Bacardi,3493,,2.0000,3,6
SHOT Bacardi Limon,3495,,2.0000,3,6
SHOT Kraken,3501,,2.0000,0,0
DBL Amaretto,3560,,2.0000,7,14
DBL Wild Turkey 101,3615,,2.0000,8,16
SHOT Skyy Ginger,3673,,2.0000,1.5,3
SHOT Skyy Raspb,3669,,2.0000,0,0
SHOT Skyy Orange,3677,,1.0000,0,0
House White,3698,,1.0000,0,0
BTL Hop Refresher,3703,,1.0000,4.5,4.5
DBL Skyy Apricot,3666,,1.0000,0,0
SHOT Captain Morgan,3497,,1.0000,0,0
DBL Bacardi,3492,,1.0000,6,6
SHOT RAIL Tequila,3462,,1.0000,3,3
SHOT Patron XO,3477,,1.0000,4,4
SHOT RAIL Rum,3458,,1.0000,3,3
SHOT RAIL Whiskey,3460,,1.0000,3,3
SHOT Hennessey,3450,,1.0000,5,5
DBL Korbel,3452,,1.0000,7,7
PIT Angry Orchard,3361,,1.0000,15,15
RAIL Gin,3341,,1.0000,3.5,3.5
RAIL Brandy,3342,,1.0000,3.5,3.5
CAN N.G. Staghorn,3135,,1.0000,5,5
BTL ODouls,3125,,1.0000,3.25,3.25
BTL Corona,3117,,1.0000,4.5,4.5
BTL Blue Moon,3113,,1.0000,4.5,4.5
BTL Bud Light,3114,,1.0000,4.5,4.5
SHOT Goldschlager,3230,,1.0000,0,0
Moscow Mule,3207,,1.0000,7,7
Bacardi,3255,,1.0000,4,4
SHOT Lemon Drop,3276,,1.0000,4,4
BTL Water,3149,,1.0000,2,2
